{"PROFILES": [{"PROFILE_CODE":"UICGTP_RIL_QUERY_APP_PROFILE","PROFILE_DESC":"Query Profile","PROFILE_TYPE":"MAIN","PROFILE_CONTENT":"<div class='Profile' style='position: relative;height:100%;width:100%'><div ng-controller ='concg0016c002' class='Profile-container' style='top: 50%; height: 50%; left: 0%; width: 50%;'><dircg0016c002 ></dircg0016c002></div><div ng-controller ='concg0016c003' class='Profile-container' style='top: 0%; height: 50%; left: 0%; width: 50%;'><dircg0016c003 context-menu='menu'></dircg0016c003></div><div ng-controller ='concg0016c001' class='Profile-container' style='top: 0%; height: 100%; left: 50%; width: 50%;'><dircg0016c001 ></dircg0016c001></div><div ng-controller ='dpsinit' style='display:None'></div><div  ng-controller ='dpsraise' style='display:None'></div><div ng-controller ='dsinfo' style='display:None'></div></div>","PROFILE_UICGCS" : ["UICGC_2","UICGC_3","UICGC_1"] }]}