{"PROFILES": [{"PROFILE_CODE":"UICGTP_RIL_Q_ANS_PROFILE","PROFILE_DESC":"Main Profile","PROFILE_TYPE":"MAIN","PROFILE_CONTENT":"<div class='Profile' style='position: relative;height:100%;width:100%'><div ng-controller ='concg0012c008' class='Profile-container' style='top: 0%; height: 50%; left: 0%; width: 50%;'><dircg0012c008 context-menu='menu'></dircg0012c008></div><div ng-controller ='concg0012c005' class='Profile-container' style='top: 50%; height: 50%; left: 0%; width: 50%;'><dircg0012c005 ></dircg0012c005></div><div ng-controller ='concg0012c001' class='Profile-container' style='top: 0%; height: 100%; left: 50%; width: 50%;'><dircg0012c001 ></dircg0012c001></div><div ng-controller ='concg0012c002' class='Profile-container' style='display:none;'></div><div ng-controller ='concg0012c003' class='Profile-container' style='display:none;'></div><div ng-controller ='concg0012c006' class='Profile-container' style='display:none;'><dircg0012c006 ></dircg0012c006></div><div ng-controller ='concg0012c009' class='Profile-container' style='display:none;'><dircg0012c009 ></dircg0012c009></div><div ng-controller ='dpsinit' style='display:None'></div><div  ng-controller ='dpsraise' style='display:None'></div><div ng-controller ='dsinfo' style='display:None'></div></div>","PROFILE_UICGCS" : ["UICGC_8","UICGC_5","UICGC_1"] },{"PROFILE_CODE":"UICGTP_RIL_Q_ANS_CR_PROFILE","PROFILE_DESC":"Create Answer Profile","PROFILE_TYPE":"CHILD","PROFILE_CONTENT":"<div class='Profile' style='position: relative;height:100%;width:100%'><div ng-controller ='concg0012c009' class='Profile-container' style='top: 0%; height: 100%; left: 0%; width: 100%;'><dircg0012c009 ></dircg0012c009></div></div>","PROFILE_UICGCS" : ["UICGC_9"] },{"PROFILE_CODE":"UICGTP_RIL_Q_ANS_V_PROFILE","PROFILE_DESC":"View Answer Profile","PROFILE_TYPE":"CHILD","PROFILE_CONTENT":"<div class='Profile' style='position: relative;height:100%;width:100%'><div ng-controller ='concg0012c003' class='Profile-container' style='top: 0%; height: 50%; left: 0%; width: 66.6666%;'><dircg0012c003 ></dircg0012c003></div><div ng-controller ='concg0012c002' class='Profile-container' style='top: 50%; height: 50%; left: 0%; width: 66.6666%;'><dircg0012c002 ></dircg0012c002></div><div ng-controller ='concg0012c006' class='Profile-container' style='top: 0%; height: 100%; left: 66.6666%; width: 33.3333%;'><dircg0012c006 ></dircg0012c006></div></div>","PROFILE_UICGCS" : ["UICGC_3","UICGC_2","UICGC_6"] }]}