{"PROFILES": [{"PROFILE_CODE":"UICGTP_CHKR_VIEW_ALL","PROFILE_DESC":"View All","PROFILE_TYPE":"MAIN","PROFILE_CONTENT":"<div class='Profile' style='position: relative;height:100%;width:100%'><div ng-controller ='concg0013c003' class='Profile-container' style='top: 0%; height: 30%; left: 0%; width: 50%;'><dircg0013c003 ></dircg0013c003></div><div ng-controller ='concg0013c005' class='Profile-container' style='top: 0%; height: 50%; left: 50%; width: 50%;'><dircg0013c005 ></dircg0013c005></div><div ng-controller ='concg0013c004' class='Profile-container' style='top: 30%; height: 70%; left: 0%; width: 50%;'><dircg0013c004 context-menu='menu'></dircg0013c004></div><div ng-controller ='concg0013c002' class='Profile-container' style='top: 50%; height: 50%; left: 50%; width: 50%;'><dircg0013c002 ></dircg0013c002></div><div ng-controller ='concg0013c001' class='Profile-container' style='display:none;'></div><div ng-controller ='dpsinit' style='display:None'></div><div  ng-controller ='dpsraise' style='display:None'></div><div ng-controller ='dsinfo' style='display:None'></div></div>","PROFILE_UICGCS" : ["UICGC_3","UICGC_5","UICGC_4","UICGC_2"] }]}