{"PROFILES": [{"PROFILE_CODE":"RIL_MKR_CONTENT_SRCH","PROFILE_DESC":"Content Search","PROFILE_TYPE":"MAIN","PROFILE_CONTENT":"<div class='Profile' style='position: relative;height:100%;width:100%'><div ng-controller ='concg0005c003' class='Profile-container' style='top: 0%; height: 20%; left: 0%; width: 50%;'><dircg0005c003 ></dircg0005c003></div><div ng-controller ='concg0005c002' class='Profile-container' style='top: 20%; height: 80%; left: 0%; width: 50%;'><dircg0005c002 ></dircg0005c002></div><div ng-controller ='concg0005c001' class='Profile-container' style='top: 0%; height: 100%; left: 50%; width: 50%;'><dircg0005c001 ></dircg0005c001></div><div ng-controller ='dpsinit' style='display:None'></div><div  ng-controller ='dpsraise' style='display:None'></div><div ng-controller ='dsinfo' style='display:None'></div></div>","PROFILE_UICGCS" : ["UICGC_3","UICGC_2","UICGC_1"] }]}